model,accuracy,roc_auc
LogisticRegression,0.8333333333333334,0.9230033476805356
RandomForest,0.8985507246376812,0.9536638503639939
